1,ADAMS ALLEN,8,adams@gmail.com 805-252-6879,3262 Euclid Avenue-Longford-67458,Kansas
2,ATKIN ANDERSON,3,atkin@gmail.com 615-246-6831,2042 Andell Road-Waynesburg-40489,Kentucky
3,THOMAS OLIVER,24,thomas@gmail.com 724-946-1278,3778 Spruce Drive-New Wilmington-16142,Pennsylvania
4,JOSHUA CHARLIE,18,joshua@gmail.com 620-328-3353,4784 Roosevelt Road-Silver Lake-53170,Wisconsin
5,JAMES CHARLIE,12,james@gmail.com NA,1718 Roosevelt Road-Cunningham-67035,Kansas
6,WILLIAM DANIEL,25,william@gmail.com 920-642-8144,3449 Highland Drive-Green Bay-54303,Wisconsin
7,DANIEL JAMES,22,daniel@gmail.com 801-538-0576,3489 White River Way-Salt Lake City-84111,Utah
8,WILLIAM JAMES,13,william009@gmail.com 906-843-4741,2661 Woodlawn Drive-Marquette-49855,Michigan
9,DANIEL RAFITEY,7,daniel22@gmail.com 920-847-2246,3834 Buck Drive-Washington Island-54246,Wisconsin
10,CHARLIE NA,13,charlie@gmail.com 400-616-5415,2944 Cerullo Road-Green Bay-54303,Wisconsin
11,BENJAMIN SAMUEL,22,NA 800-252-6879,3262 Euclid Avenue-3262 Euclid Avenue-67458,Kansas
12,JOSEPH GEORGE,30,joseph@gmail.com 600-246-6831,2042 Andell Road-Waynesburg-40489,Kentucky
13,CALLUM JOSEPH,17,callum9@gmail.com 700-946-1278,3778 Spruce Drive-New Wilmington-16142,Pennsylvania
14,GEORGE BENJAMIN,30,george5@gmail.com 608-328-3353,4784 Roosevelt Road-Silver Lake-53170,Wisconsin
15,JAKE ETHAN,8,jake3@gmail.com 600-298-9996,1718 Roosevelt Road-Cunningham-67035,Kansas
16,ALFIE LEWIS,30,alfie6@gmail.com 920-600-8144,3834 Buck Drive-Green Bay-54303,Wisconsin
17,LUKE MOHAMMED,6,luke12@gmail.com 801-500-0576,2944 Cerullo Road-Salt Lake City-84111,Utah
18,MATTHEW JAKE,27,mattew67@gmail.cm 906-800-4741,3262 Euclid Avenue-Marquette-49855,Michigan
19,ETHAN DYLAN,22,ethan8@gmail.com 920-800-2246,2042 Andell Road-Washington Island-54246,Wisconsin
20,LEWIS JACOB,20,lewis2@gmail.com 414-600-5415,3778 Spruce Drive-Green Bay-54303,Wisconsin
21,JACOB LUKE,3,jacob56@gmail.com 805-200-6879,4784 Roosevelt Road-Longford-67458,Kansas
22,MOHAMMED CALLUM,22,mohammed3@gmail.com 615-240-6831,1718 Roosevelt Road-Waynesburg-40489,Kentucky
23,DYLAN ALEXANDER,17,dylan@gmail.com 724-990-1278,3778 Spruce Drive-New Wilmington-16142,Pennsylvania
24,ALEXANDER MATTHEW,28,alex24@gmail.com 620-300-3353,4784 Roosevelt Road-Silver Lake-53170,Wisconsin
25,RYAN ADAMS,6,ryanG5@gmail.com 620-290-9996,1718 Roosevelt Road-Cunningham-67035,Kansas
26,ADAM TYLER,2,adam38@gmail.com 920-640-8144,3449 Highland Drive-Green Bay-54303,Wisconsin
27,TYLER HARLEY,31,tyler56@gmail.com 801-530-0576,3489 White River Way-Salt Lake City-84111,Utah
28,HARVEY NA,23,harvey56@gmail.com 906-840-4741,2661 Woodlawn Drive-Marquette-49855,Michigan
29,MAX HARVEY,16,NA 920-890-2246,3834 Buck Drive-Washington Island-54246,Wisconsin
30,CAMERON MAX,10,cameron89@gmail.com 400-616-5415,2944 Cerullo Road-Green Bay-54303,Wisconsin
31,LIAM HARRISON,5,liam@gmail.com 800-252-6879,3262 Euclid Avenue-Longford-67458,Kansas
32,JAMIE JAYDEN,21,jamie37@gmail.com 600-246-6831,2042 Andell Road-Waynesburg-40489,Kentucky
33,LEO CAMERON,30,leo90@gmail.com 700-946-1278,3778 Spruce Drive-New Wilmington-16142,Pennsylvania
34,OWEN HENRY,27,owen890@gmail.com 600-328-3353,4784 Roosevelt Road-Silver Lake-53170,Wisconsin
35,CONNOR ARCHIE,17,connor23@gmail.com 600-298-9996,1718 Roosevelt Road-Cunningham-67035,Kansas
36,HARRISON CONNOR,13,NA 900-642-8144,3449 Highland Drive-Green Bay-54303,Wisconsin
37,NATHAN JAMIE,12,nathannattie@gmail.com 801-530-0576,3489 White River Way-Salt Lake City-84111,Utah
38,BEN MUHAMMAD,6,ben234@gmail.com 906-840-4741,2661 Woodlawn Drive-Marquette-49855,Michigan
39,HENRY OSCAR,2,henryh@gmail.com 929-847-2246,3834 Buck Drive-Washington Island-54246,Wisconsin
40,ARCHIE EDWARD,19,archiea@gmail.com 410-616-5415,2944 Cerullo Road-Green Bay-54303,Wisconsin
41,EDWARD LUCAS,20,edwarde@gmail.com 890-252-6879,3262 Euclid Avenue-Longford-67458,Kansas
42,MICHAEL ISAAC,28,michel@gmail.com 610-246-6831,2042 Andell Road-Waynesburg-40489,Kentucky
43,AARON LEO,19,aaron@gmail.com 724-940-1278,3778 Spruce Drive-New Wilmington-16142,Pennsylvania
44,MUHAMMAD OWEN,7,muhammed@gmail.com 620-320-3353,4784 Roosevelt Road-Silver Lake-53170,Wisconsin
45,KYLE NATHAN,6,kylie@gmail.com 628-298-9996,1718 Roosevelt Road-Cunningham-67035,Kansas
46,NOAH MICHAEL,5,noah@gmail.com 929-642-8144,3449 Highland Drive-Green Bay-54303,Wisconsin
47,OSCAR FINLEY,19,oscar@gmail.com 881-538-0576,3489 White River Way-Salt Lake City-84111,Utah
48,LUCAS BEN,32,lucas@gmail.com 908-843-4741,2661 Woodlawn Drive-Marquette-49855,Michigan
49,RHYS AARON,19,rhys@gmail.com 920-845-2246,3834 Buck Drive-Washington Island-54246,Wisconsin
50,BRADLEY NOAH,31,bradley7@gmail.com 414-615-5415,2944 Cerullo Road-Green Bay-54303,Wisconsin
51,MICHAEL LEE,26,michael@gmail.com 256-227-7733,4586 Ritter Street-HUNTSVILLE-35802,Alabama
52,DAVID BOON,1,david11@gmail.com 514-616-5410,2264 Austin Road-Houston-54020,TEXAS
53,GINO LIM,15,ginlim@gmail.com 825-634-0922,1749 SPRING BRANCH-HOUSTON-77001,TEXAS
54,HARRY BROOK,5,harrybro12@gmail.com 671-431-0222,1297 Congress Street-El Paso-65805,TEXAS
55,QUINTON MARY,19,quintm@gmail.com 630-036-9991,9527 AMBERGATE LANE-FRISCO-75033,TEXAS
56,ALIZA JIWANI,4,alizaj@gmail.com 438-636-0087,5213 MIDSIDE CITY-TEMPE-85281,ARIZONA
57,PETER SALT,18,peter14@gmail.com 987-236-4126,1978 Larimer Square-Denver-88901,Colorado
58,MARY LORA,17,maryl@gmail.com 432-039-2222,1200 W HARISON STREET-ILLINOIS-60607,CHICAGO
59,SCOTT LEOPER,19,scottle@gmail.com 533-269-2698,4901 EVERGREEN ROAD-DEARBON-48128,Michigan
60,SAM NORTHEAST,15,samnorth03@gmail.com 659-364-3698,1789 Ocean Drive-Miami-59874,Florida
61,BILLA CHAIO,29,billach@gmail.com 999-253-2692,1600 HOLLOWAY EVE-SAN FRANCISCO-94132,CALIFORNIA
62,STEVEN FINN,32,steven@gmail.com 508-951-9820,725 LYON AVENUE-WEST ROXBURY-2132,MASSACHUSETTS
63,JOSH BAKER,19,josh@gmail.com 813-610-2395,1633 SAINTS ALLEY-CLYDE-28721,NORTH CAROLINE
64,TRAVIS SCOTT,18,Travissc@gmail.com 428-263-4477,4202 E FOWLER AVE-TAMPA-33620,Florida
65,JOE LEACH,17,joe@gmail.com 860-917-7042,2687 AIRPLANE AVENUE-HENNEPIN-73444,OKLAHOMA
66,KENDAL SELVA,7,Kendase@gmail.com 766-920-8888,4400 UNIVERSITY DR-FAIRFAX-22030,VIRGINIA
67,ADAM FINCH,6,adamfinch30@gmail.com 236-895-5602,3698 PeachTree Street-Atlanta-59878,Georgia
68,TOM MOORES,19,tom@gmail.com 402-391-7571,526 POLLING FARM ROAD-OMAHA-68114,NEBRASKA
69,SAMUEL EVANS,14,samuelevans25@gmail.com 406-622-1620,4948 MASONIC DRIVE-FORT BENTON-59442,MONTANA
70,Richard Johnson,20,Richard07@gmail.com 803-252-6879,3456 Highland Drive-New Wilmington-74693,Pennsylvania
71,James Anderson,25,James65@gmail.com 617-246-6731,3456 White River Way-Silver Lake-65910,Wisconsin
72,Robert Taylor,15,Robert67@gmail.com 726-946-1578,2781 Woodlawn Drive-Cunningham-39826,Kansas
73,Barbara Smith,14,Barbara45@gmail.com 624-328-3653,3894 Buck Drive-Green Bay-34780,Wisconsin
74,Michael Moore,6,Michae04@gmail.com 628-298-9496,4984 Cerullo Road-Salt Lake City-23723,Utah
75,James Martin,28,James63@gmail.com 923-642-8144,3562 Euclid Avenue-Marquette-86373,Michigan
76,Michael Wilson,11,Michael07@gmail.com 801-578-0576,2642 Andell Road-Cunningham-27648,Wisconsin
77,James Thomas,30,James59@gmail.com 906-863-4741,3748 Roosevelt Road-Green Bay-98353,Wisconsin
78,Joseph Smith,28,Joseph02@gmail.com 920-847-2246,4764 Spruce Drive-Salt Lake City-54282,Kansas
79,James White,5,James20@gmail.com 400-617-5415,1798 Roosevelt Road-Marquette-54303,Kentucky
80,HEALY SIGA,20,gier24@gmail.com 366-269-2696,300 COLLEGE PARK-DAYTON-45469,Ohio
81,Reily Meridth,9,Reily@gmail.com 987-475-8349,4352 New Avenue Park-Atlanta-23457,New Jercy
82,Rohit Jhonson,8,Rohit@gmail.com 760-376-1298,56 Park Street-Grey Term-90341,Washington
83,Atul Gupta,16,Atul@gmail.com 222-333-7651,112 Green Avenue-Green bay-2312,Washington
84,Mark Jimberman,22,Mark@gmail.com 324-565-9087,342 Buck Drive-Salt Lake City-34780,Wisconsin
85,Robert Thompson,12,Robert47@gmail.com 378-094-8856,7852 Highland Drive-Fairfax-22030,Virginia
86,Jesica Williams,8,Jesica@gmail.com 732-980-9965,8934 Highway Road-Las Vegas-43780,Los Angles
87,Jearld Hamsworth,4,Jerald@gmail.com 334-873-4577,9934 Michel Hall Way-Atlanta-23789,New Jercy
88,Liana Lisa,15,Liana@gmail.com NA,6589 New College Road-Declathon-54303,Kentucky
89,David Thomas,20,David56@gmail.com 768-090-9988,765 Dany's Road-Lusy-47839,Ohio
90,William Thomas,13,William78@gmail.com 345-097-2356,347 East Coast-Ecr-9374,Los Vegas
91,Jennifer Brown,11,Jenifer@gmail.com 908-834-4589,767 Dany's Road-Omr-67821,CALIFORNIA
92,John Thompson,24,John34@gmail.com 233-009-4567,876 Robert Baratheon Street-Robert Baratheon Street-94530,New Jercy
93,Charles Miller,22,NA 343-090-5650,367 Jein Foster-Fairfax-400987,Kanas
94,Robert NA,20,Robert65@gmail.com 234-456-6778,9872 New Military Road-Longford-29785,Utah
95,David Thompson,9,David67@gmail.com 120-980-0099,909 Texas Statue-Texas Statue-62790,TEXAS
96,Elizabeth Johnson,4,Elizebeth@gmail.com 298-045-5567,6987 Wills Road-Marquette-54327,Los Vegas
97,Mary Wilson,30,Marry@gmail.com 239-034-4040,9123 Jeimy Memoral-Kingston-97628,Virginia
98,David Taylor,6,David90@gmail.com 278-098-6498,1908 Linckon's Street-Linckon-86628,New York
99,Atul Gupta,20,Atul@gmail..com 987-093-3093,5009 Vartican-Vartican-45623,Michigan
100,RINO FILLER,15,Rinor@gmail.com 433-325-3333,4400 UNIVERSITY DR-FAIRFAX-22030,VIRGINIA
101,Illiana Martin,13,Illiana@gmail.com 394-045-2379,190 Standsford University-Atlanta-9902,Los Vegas
102,Martinez Daniel,20,Martinez@gmail.com 650-202-2289,830 Round Mountain-Austin-78923,Nevada
103,Thomas John,3,Thomas@gmail.com 239-034-3923,453 Austin Airport-Austin-98983,Nevada
104,Martin John,2,Martin@gmail.com 390-340-8832,222 Manley Hot-Minto-23890,Alaska
105,Miller Richard,22,Miller@gmail.com 303-844-8083,837 Rampart-cold Foot-7374,Utah
106,White Michael,7,White@gmail.com 662-873-8902,239 Tanana-Evansville-48933,East Coast Road
107,Thomas Robert,11,Thomas@gmail.com 345-094-3322,908 Lake Munchumia-Allakaet-9837,Washington
108,Johnson Barbara,26,Johnson@gmail.com 987-863-4363,789 Anderson Roads-Anaktuvuk Pass-6529,Alaska
109,Smith Susan,9,Smith@gmail.com 637-873-3673,998 Nena valley-Red Dog Mine-33749,Alaska
110,Thompson Robert,14,Thompson@gmail.com 364-037-3736,89 Clear valley-Kivalina-37467,New Jercy
111,Rodriguez Daniel,37,Rodriguez@gmail.com 737-847-8393,345 Lombard Street-Kotzebue-84732,Florida
112,White NA,22,White@gmail.com 738-473-2833,97 Maple Street-Deering-2345,Hawai
113,Wilson William,34,Wilson@gmail.com 434-334-3233,387 Avenue-Buckland-9884,Georgia
114,Lee David,32,Lee@gmail.com 566-567-0796,2694 Michigan Avenue-Selawik-98883,MONTANA
115,Jones Richard,42,Jones@gmail.com NA,726 The Strip-Noorvik-97483,VIRGINIA
116,Taylor John,26,Taylor@gmail.com 526-038-9832,879 Broad Way-Kiana-88390,CALIFORNIA
117,Moore John,19,Moore@gmail.com 343-453-0893,90 Texas Street-Shungnak-9874,TEXAS
118,David Miller,20,David@gmail.com 345-879-2345,543 Roy valley-Austn-98765,Nevada
119,Rose Taylor,35,Rose@gmail.com 451-980-3456,3456 Avenue-Buckland-78541,Georgia
120,Monika Geller,23,Monika@gmail.com 765-100-8900,2349 Standsford University-Atlanta-3421,Los Vegas
121,joey jonas,26,joey@gmail.com 123-098-3456,10031 Lake Munchumia-Allakaet-9837,Washington
122,siya Mathur,37,siya@gmail.com NA,54 clear valley-Kivalina-3987,New Jercy
123,Miller Smith,17,Miller@gmail.com 294-839-3222,833 Pine-Atlantic-4523,New Jercy
124,White Thompson,37,White@gmail.com 893-093-2987,909 View-Santa Fe-56433,New MExico
125,Thomas Rodriguez,33,Thomas@gmail.com 489-094-3393,3849 Ninth-New York-6456,New York
126,Johnson White,20,Johnson@gmail.com 984-093-8474,3292 Lake-Raleigh-6758,North California
127,Smith Wilson,22,Smith@gmail.com 293-098-3844,902 Cedar-Fargo-47467,North Dakota
128,Thompson Lee,26,Thompson@gmail.com 393-975-8575,938 Maple-Cincinnati-7456,Ohio
129,Rodriguez Jones,27,Rodriguez@gmail.com 203-039-3848,839 Oak-Tulsa-95659,OKLAHOMA
130,White Taylor,38,White@gmail.com 484-038-398,3645 Elm-Portland-95959,Oregon
131,Wilson Moore,35,Wilson@gmail.com 394-938-0393,902 Lombard Street-Philadelphia-8484,Pennsylvania
132,Lee Brown,40,Lee@gmail.com 884-444-0394,839 Congress Street-Newport-9695,Rhode Island
133,Jones Williams,40,Jones@gmail.com 948-449-9303,9023 Creek Street-Charleston-4094,South California
134,Taylor Taylor,30,Taylor@gmail.com 944-934-3453,203 Second Street-Sturgis-9304,South Dakota
135,Moore NA,39,Moore@gmail.com 948-858-4933,114 Ocean Drive-Memphis-3472,Tennessee
136,David Martinez,22,David@gmail.com 495-439-4044,023 Peach Tree Street-Atlanta-37474,Georgia
137,Rose Moore,31,Rose@gmail.com 283-443-8759,334 Michigan Ave-Chicago-83494,Illinois
138,Monika Rodriguez,36,Monika@gmail.com 404-505-9090,230 Eight Street-Boise-49493,Idaho
139,Miller Williams,42,Miller@gmail.com 303-404-9393,9032 Snake Alley-Burlington-93288,Lowa
140,White Williams,32,White@gmail.com 903-903-4948,231 Washington Street-Indianpolis-33433,Indiana
141,Thomas Moore,30,Thomas@gmail.com 494-903-3322,475 Fourth Street-Louisville-39383,Kentucky
142,Johnson Miller,22,Johnson@gmail.com 484-948-8374,3748 Bourbon Street-New Orleans-83899,Louisiana
143,Smith Martin,37,Smith@gmail.com 948-585-8483,483 Congress Street-Portland-90393,Maine
144,Thompson Johnson,30,Thompson@gmail.com 393-484-4849,920 North Charles Street-Baltimore-82373,Maryland
145,Rodriguez NA,33,Rodriguez@gmail.com 484-858-3839,3838 Acron Street-Boston-8839,MASSACHUSETTS
146,White Jackson,31,White@gmail.com 202-393-5858,6758 Woodware Ave-Detroit-39839,Michigan
147,Wilson Davis,34,Wilson@gmail.com 443-958-9094,586 Nicollet Mall-Minneapolis-24832,Minnesota
148,Lee White,32,Lee@gmail.com 484-484-999,685 Main Street-Tupelo-72732,Mississippi
149,Jones Williams,41,Jones@gmail.com 384-855-6374,383 The Paseo-Kanas-34788,Missouri
150,Taylor Jones,31,Taylor@gmail.com 747-383-4848,345 Last Chance Gulch-Helena-89487,MONTANA
